strategy	regret
uniform	156.3328596033229
just-0	0.0
just-1	70.33617895670477
just-2	398.66239985326376
actual	41.62001778521528
